lane,frame,vehicle_count,density,heavy_ratio,avg_speed,congestion,green_time,priority_score,priority_level
Lane A,5,0,0.0,0.0,0.0,Low,20.0,0.0,Low Priority
Lane A,10,0,0.0,0.0,0.0,Low,20.0,0.0,Low Priority
Lane A,15,6,0.0432,0.0,0.0,Low,23.0,4.16,Low Priority
Lane A,20,7,0.0504,0.0,71.2,Low,13.5,4.86,Low Priority
Lane A,25,8,0.0576,0.125,63.0,Low,15.0,6.29,Low Priority
Lane A,30,8,0.0576,0.125,70.3,Low,15.0,6.29,Low Priority
Lane A,35,9,0.0648,0.0,64.6,Low,14.5,6.25,Low Priority
Lane A,40,9,0.0648,0.0,62.2,Low,14.5,6.25,Low Priority
Lane A,45,9,0.0648,0.0,62.7,Low,14.5,6.25,Low Priority
Lane A,50,10,0.072,0.0,57.6,Low,15.0,6.94,Low Priority
Lane A,55,10,0.072,0.0,85.5,Low,15.0,6.94,Low Priority
Lane A,60,12,0.0864,0.083,93.2,Medium,30.3,15.88,Low Priority
Lane A,65,12,0.0864,0.083,90.2,Medium,30.3,15.88,Low Priority
Lane A,70,13,0.0936,0.077,90.8,Medium,31.0,17.12,Low Priority
Lane A,75,14,0.1008,0.0,89.1,Medium,31.2,17.95,Low Priority
Lane A,80,15,0.108,0.0,79.9,Medium,32.0,19.24,Low Priority
Lane A,85,16,0.1152,0.062,60.1,Medium,33.3,20.88,Medium Priority
Lane A,90,19,0.1368,0.053,64.2,Medium,35.6,24.68,Medium Priority
Lane A,95,20,0.144,0.05,70.1,Medium,36.4,25.94,Medium Priority
Lane A,100,21,0.1512,0.048,63.0,Medium,37.2,27.21,Medium Priority
Lane A,105,21,0.1512,0.048,62.2,Medium,37.2,27.21,Medium Priority
Lane A,110,21,0.1512,0.048,57.7,Medium,37.2,27.21,Medium Priority
Lane A,115,21,0.1512,0.048,64.2,Medium,37.2,27.21,Medium Priority
Lane A,120,21,0.1512,0.048,44.7,Medium,37.2,27.21,Medium Priority
Lane A,125,21,0.1512,0.048,52.4,Medium,37.2,27.21,Medium Priority
Lane A,130,22,0.1584,0.091,51.6,Medium,38.3,28.75,Medium Priority
Lane A,135,24,0.1727,0.042,60.6,High,54.7,45.14,High Priority
Lane A,140,24,0.1727,0.042,73.2,High,54.7,45.14,High Priority
Lane A,145,25,0.1799,0.04,69.3,High,55.3,47.0,High Priority
Lane A,150,25,0.1799,0.04,77.1,High,55.3,47.0,High Priority
Lane A,155,25,0.1799,0.08,71.0,High,55.6,47.23,High Priority
Lane A,160,25,0.1799,0.08,69.4,High,55.6,47.23,High Priority
Lane A,165,26,0.1871,0.0,67.4,High,55.6,48.63,High Priority
Lane A,170,28,0.2015,0.036,65.6,High,57.1,52.59,High Priority
Lane A,175,28,0.2015,0.036,54.4,High,57.1,52.59,High Priority
Lane A,180,28,0.2015,0.036,53.1,High,57.1,52.59,High Priority
Lane A,185,27,0.1943,0.037,56.4,High,56.5,50.72,High Priority
Lane A,190,26,0.1871,0.038,54.0,High,55.9,48.86,High Priority
Lane A,195,26,0.1871,0.038,55.3,High,55.9,48.86,High Priority
Lane A,200,27,0.1943,0.037,55.9,High,56.5,50.72,High Priority
Lane A,205,27,0.1943,0.037,54.1,High,56.5,50.72,High Priority
Lane A,210,27,0.1943,0.037,54.9,High,56.5,50.72,High Priority
Lane A,215,26,0.1871,0.038,55.4,High,55.9,48.86,High Priority
Lane A,220,26,0.1871,0.038,56.4,High,55.9,48.86,High Priority
Lane A,225,26,0.1871,0.038,57.3,High,55.9,48.86,High Priority
Lane A,230,26,0.1871,0.038,56.7,High,55.9,48.86,High Priority
Lane A,235,25,0.1799,0.04,56.1,High,55.3,47.0,High Priority
Lane A,240,25,0.1799,0.04,58.8,High,55.3,47.0,High Priority
Lane A,245,25,0.1799,0.04,66.3,High,55.3,47.0,High Priority
Lane A,250,23,0.1655,0.043,60.7,High,54.1,43.28,High Priority
Lane A,255,23,0.1655,0.043,58.3,High,54.1,43.28,High Priority
Lane A,260,23,0.1655,0.043,50.7,High,54.1,43.28,High Priority
Lane A,265,23,0.1655,0.043,57.9,High,54.1,43.28,High Priority
Lane A,270,23,0.1655,0.043,59.2,High,54.1,43.28,High Priority
Lane A,275,21,0.1512,0.048,44.4,Medium,37.2,27.21,Medium Priority
Lane A,280,21,0.1512,0.048,45.6,Medium,37.2,27.21,Medium Priority
Lane A,285,20,0.144,0.1,41.3,Medium,36.8,26.24,Medium Priority
Lane A,290,20,0.144,0.05,42.8,Medium,36.4,25.94,Medium Priority
Lane A,295,20,0.144,0.05,43.5,Medium,36.4,25.94,Medium Priority
Lane A,300,21,0.1512,0.048,47.0,Medium,37.2,27.21,Medium Priority
Lane A,305,22,0.1584,0.045,48.5,Medium,38.0,28.48,Medium Priority
Lane A,310,21,0.1512,0.048,54.4,Medium,37.2,27.21,Medium Priority
Lane A,315,21,0.1512,0.048,54.7,Medium,37.2,27.21,Medium Priority
Lane A,320,19,0.1368,0.053,40.8,Medium,35.6,24.68,Medium Priority
Lane A,325,18,0.1296,0.056,30.1,Medium,37.3,23.41,Medium Priority
Lane A,330,18,0.1296,0.056,32.1,Medium,36.8,23.41,Medium Priority
Lane A,335,19,0.1368,0.053,26.8,Medium,38.9,24.68,Medium Priority
Lane A,340,19,0.1368,0.053,23.6,Medium,39.7,24.68,Medium Priority
Lane A,345,19,0.1368,0.053,24.1,Medium,39.6,24.68,Medium Priority
Lane A,350,19,0.1368,0.053,24.5,Medium,39.5,24.68,Medium Priority
Lane A,355,19,0.1368,0.053,30.6,Medium,38.0,24.68,Medium Priority
Lane A,360,19,0.1368,0.053,25.1,Medium,39.3,24.68,Medium Priority
Lane A,365,18,0.1296,0.056,26.1,Medium,38.3,23.41,Medium Priority
Lane A,370,18,0.1296,0.056,27.4,Medium,38.0,23.41,Medium Priority
Lane A,375,18,0.1296,0.056,28.3,Medium,37.8,23.41,Medium Priority
Lane A,380,19,0.1368,0.053,29.3,Medium,38.3,24.68,Medium Priority
Lane A,385,19,0.1368,0.053,31.1,Medium,37.8,24.68,Medium Priority
Lane A,390,19,0.1368,0.053,34.5,Medium,37.0,24.68,Medium Priority
Lane A,395,19,0.1368,0.053,35.7,Medium,36.7,24.68,Medium Priority
Lane A,400,19,0.1368,0.053,31.0,Medium,37.9,24.68,Medium Priority
Lane A,405,19,0.1368,0.053,26.5,Medium,39.0,24.68,Medium Priority
Lane A,410,18,0.1296,0.056,20.4,Medium,39.7,23.41,Medium Priority
Lane A,415,17,0.1224,0.059,21.0,Medium,38.8,22.15,Medium Priority
Lane A,420,16,0.1152,0.062,23.3,Medium,37.5,20.88,Medium Priority
Lane A,425,16,0.1152,0.062,26.6,Medium,36.6,20.88,Medium Priority
Lane A,430,15,0.108,0.133,30.1,Medium,35.5,20.02,Medium Priority
Lane A,435,15,0.108,0.067,27.2,Medium,35.7,19.63,Medium Priority
Lane A,440,16,0.1152,0.125,40.8,Medium,33.8,21.25,Medium Priority
Lane A,445,17,0.1224,0.0,37.9,Medium,34.1,21.8,Medium Priority
Lane A,450,17,0.1224,0.0,42.1,Medium,33.6,21.8,Medium Priority
Lane A,455,18,0.1296,0.0,52.6,Medium,34.4,23.08,Medium Priority
Lane A,460,18,0.1296,0.0,49.9,Medium,34.4,23.08,Medium Priority
Lane A,465,18,0.1296,0.0,53.2,Medium,34.4,23.08,Medium Priority
Lane A,470,19,0.1368,0.0,60.8,Medium,35.2,24.36,Medium Priority
Lane A,475,19,0.1368,0.0,57.8,Medium,35.2,24.36,Medium Priority
Lane A,480,19,0.1368,0.0,56.9,Medium,35.2,24.36,Medium Priority
Lane A,485,18,0.1296,0.0,48.8,Medium,34.4,23.08,Medium Priority
Lane A,490,18,0.1296,0.0,46.9,Medium,34.4,23.08,Medium Priority
Lane A,495,19,0.1368,0.0,52.4,Medium,35.2,24.36,Medium Priority
Lane A,500,19,0.1368,0.0,61.8,Medium,35.2,24.36,Medium Priority
Lane A,505,19,0.1368,0.0,57.2,Medium,35.2,24.36,Medium Priority
Lane A,510,18,0.1296,0.0,64.7,Medium,34.4,23.08,Medium Priority
Lane A,515,18,0.1296,0.0,71.3,Medium,34.4,23.08,Medium Priority
Lane A,520,18,0.1296,0.0,77.9,Medium,34.4,23.08,Medium Priority
Lane A,525,19,0.1368,0.0,74.3,Medium,35.2,24.36,Medium Priority
Lane A,530,19,0.1368,0.0,72.8,Medium,35.2,24.36,Medium Priority
Lane A,535,19,0.1368,0.0,67.8,Medium,35.2,24.36,Medium Priority
Lane A,540,19,0.1368,0.053,60.2,Medium,35.6,24.68,Medium Priority
Lane A,545,21,0.1512,0.0,61.6,Medium,36.8,26.93,Medium Priority
Lane A,550,21,0.1512,0.0,75.1,Medium,36.8,26.93,Medium Priority
Lane A,555,21,0.1512,0.0,66.7,Medium,36.8,26.93,Medium Priority
Lane A,560,21,0.1512,0.0,72.6,Medium,36.8,26.93,Medium Priority
Lane A,565,23,0.1655,0.0,71.3,High,53.8,43.02,Medium Priority
Lane A,570,23,0.1655,0.0,72.2,High,53.8,43.02,Medium Priority
Lane A,575,23,0.1655,0.0,73.3,High,53.8,43.02,Medium Priority
Lane A,580,23,0.1655,0.0,247.9,High,53.8,43.02,Medium Priority
Lane A,585,23,0.1655,0.0,66.8,High,53.8,43.02,Medium Priority
Lane A,590,23,0.1655,0.0,60.1,High,53.8,43.02,Medium Priority
Lane A,595,22,0.1584,0.0,56.7,Medium,37.6,28.21,Medium Priority
Lane A,600,22,0.1584,0.0,57.7,Medium,37.6,28.21,Medium Priority
Lane A,605,23,0.1655,0.0,65.2,High,53.8,43.02,Medium Priority
Lane A,610,23,0.1655,0.0,55.4,High,53.8,43.02,Medium Priority
Lane A,615,23,0.1655,0.0,59.8,High,53.8,43.02,Medium Priority
Lane A,620,23,0.1655,0.0,57.4,High,53.8,43.02,Medium Priority
Lane A,625,23,0.1655,0.087,58.2,High,54.5,43.53,High Priority
Lane A,630,24,0.1727,0.042,56.1,High,54.7,45.14,High Priority
Lane A,635,24,0.1727,0.0,63.6,High,54.4,44.89,High Priority
Lane A,640,22,0.1584,0.0,62.5,Medium,37.6,28.21,Medium Priority
Lane A,645,23,0.1655,0.0,65.5,High,53.8,43.02,Medium Priority
Lane A,650,22,0.1584,0.0,59.0,Medium,37.6,28.21,Medium Priority
Lane A,655,22,0.1584,0.0,74.7,Medium,37.6,28.21,Medium Priority
Lane A,660,21,0.1512,0.0,59.2,Medium,36.8,26.93,Medium Priority
Lane A,665,21,0.1512,0.0,55.2,Medium,36.8,26.93,Medium Priority
Lane A,670,21,0.1512,0.0,54.5,Medium,36.8,26.93,Medium Priority
Lane A,675,21,0.1512,0.0,51.4,Medium,36.8,26.93,Medium Priority
Lane A,680,22,0.1584,0.0,50.2,Medium,37.6,28.21,Medium Priority
Lane A,685,22,0.1584,0.0,68.2,Medium,37.6,28.21,Medium Priority
Lane A,690,21,0.1512,0.0,75.2,Medium,36.8,26.93,Medium Priority
Lane A,695,21,0.1512,0.0,63.1,Medium,36.8,26.93,Medium Priority
Lane A,700,21,0.1512,0.0,61.1,Medium,36.8,26.93,Medium Priority
Lane A,705,20,0.144,0.0,72.6,Medium,36.0,25.65,Medium Priority
Lane A,710,20,0.144,0.0,62.5,Medium,36.0,25.65,Medium Priority
Lane A,715,20,0.144,0.0,64.6,Medium,36.0,25.65,Medium Priority
Lane A,720,20,0.144,0.0,60.5,Medium,36.0,25.65,Medium Priority
Lane A,725,19,0.1368,0.0,63.8,Medium,35.2,24.36,Medium Priority
Lane A,730,19,0.1368,0.0,61.2,Medium,35.2,24.36,Medium Priority
Lane A,735,20,0.144,0.0,57.2,Medium,36.0,25.65,Medium Priority
Lane A,740,20,0.144,0.0,63.7,Medium,36.0,25.65,Medium Priority
Lane A,745,20,0.144,0.0,79.2,Medium,36.0,25.65,Medium Priority
Lane A,750,20,0.144,0.0,70.9,Medium,36.0,25.65,Medium Priority
Lane A,755,20,0.144,0.0,76.9,Medium,36.0,25.65,Medium Priority
Lane A,760,19,0.1368,0.0,84.5,Medium,35.2,24.36,Medium Priority
Lane A,765,19,0.1368,0.0,87.7,Medium,35.2,24.36,Medium Priority
Lane A,770,20,0.144,0.0,89.6,Medium,36.0,25.65,Medium Priority
Lane A,775,20,0.144,0.0,94.5,Medium,36.0,25.65,Medium Priority
Lane A,780,21,0.1512,0.0,82.3,Medium,36.8,26.93,Medium Priority
Lane A,785,21,0.1512,0.0,78.7,Medium,36.8,26.93,Medium Priority
Lane A,790,22,0.1584,0.0,68.7,Medium,37.6,28.21,Medium Priority
Lane A,795,22,0.1584,0.0,64.0,Medium,37.6,28.21,Medium Priority
Lane A,800,22,0.1584,0.0,61.9,Medium,37.6,28.21,Medium Priority
Lane A,805,22,0.1584,0.0,111.5,Medium,37.6,28.21,Medium Priority
Lane A,810,22,0.1584,0.0,71.6,Medium,37.6,28.21,Medium Priority
Lane A,815,21,0.1512,0.0,66.3,Medium,36.8,26.93,Medium Priority
Lane A,820,21,0.1512,0.0,72.2,Medium,36.8,26.93,Medium Priority
Lane A,825,22,0.1584,0.0,74.6,Medium,37.6,28.21,Medium Priority
Lane A,830,23,0.1655,0.043,69.6,High,54.1,43.28,High Priority
Lane A,835,23,0.1655,0.043,75.3,High,54.1,43.28,High Priority
Lane A,840,24,0.1727,0.042,95.7,High,54.7,45.14,High Priority
Lane A,845,24,0.1727,0.0,58.2,High,54.4,44.89,High Priority
Lane A,850,25,0.1799,0.0,64.0,High,55.0,46.76,High Priority
Lane A,855,25,0.1799,0.0,58.4,High,55.0,46.76,High Priority
Lane A,860,26,0.1871,0.0,56.5,High,55.6,48.63,High Priority
Lane A,865,26,0.1871,0.0,56.3,High,55.6,48.63,High Priority
Lane A,870,28,0.2015,0.0,53.7,High,56.8,52.37,High Priority
Lane A,875,28,0.2015,0.0,62.7,High,56.8,52.37,High Priority
Lane A,880,28,0.2015,0.0,67.4,High,56.8,52.37,High Priority
Lane A,885,28,0.2015,0.0,69.8,High,56.8,52.37,High Priority
Lane A,890,28,0.2015,0.036,69.8,High,57.1,52.59,High Priority
Lane A,895,28,0.2015,0.0,68.8,High,56.8,52.37,High Priority
Lane A,900,27,0.1943,0.0,70.1,High,56.2,50.5,High Priority
Lane A,905,27,0.1943,0.0,68.0,High,56.2,50.5,High Priority
Lane A,910,27,0.1943,0.0,95.6,High,56.2,50.5,High Priority
Lane A,915,27,0.1943,0.0,62.4,High,56.2,50.5,High Priority
Lane A,920,27,0.1943,0.0,62.1,High,56.2,50.5,High Priority
Lane A,925,26,0.1871,0.0,56.4,High,55.6,48.63,High Priority
Lane A,930,25,0.1799,0.0,51.9,High,55.0,46.76,High Priority
Lane A,935,25,0.1799,0.0,51.1,High,55.0,46.76,High Priority
Lane A,940,25,0.1799,0.0,52.1,High,55.0,46.76,High Priority
Lane A,945,25,0.1799,0.0,51.0,High,55.0,46.76,High Priority
Lane A,950,24,0.1727,0.0,49.9,High,54.4,44.89,High Priority
Lane A,955,23,0.1655,0.0,51.3,High,53.8,43.02,Medium Priority
Lane A,960,23,0.1655,0.0,51.5,High,53.8,43.02,Medium Priority
Lane A,965,24,0.1727,0.0,53.8,High,54.4,44.89,High Priority
Lane A,970,24,0.1727,0.042,54.8,High,54.7,45.14,High Priority
Lane A,975,24,0.1727,0.0,49.7,High,54.4,44.89,High Priority
Lane A,980,22,0.1584,0.0,42.3,Medium,37.6,28.21,Medium Priority
Lane A,985,21,0.1512,0.0,45.0,Medium,36.8,26.93,Medium Priority
Lane A,990,20,0.144,0.0,43.0,Medium,36.0,25.65,Medium Priority
Lane A,995,20,0.144,0.0,42.3,Medium,36.0,25.65,Medium Priority
Lane A,1000,20,0.144,0.0,42.2,Medium,36.0,25.65,Medium Priority
Lane A,1005,20,0.144,0.0,41.9,Medium,36.0,25.65,Medium Priority
Lane A,1010,21,0.1512,0.0,43.7,Medium,36.8,26.93,Medium Priority
Lane A,1015,21,0.1512,0.0,64.0,Medium,36.8,26.93,Medium Priority
Lane A,1020,21,0.1512,0.0,63.6,Medium,36.8,26.93,Medium Priority
Lane A,1025,21,0.1512,0.0,56.7,Medium,36.8,26.93,Medium Priority
Lane A,1030,20,0.144,0.0,58.7,Medium,36.0,25.65,Medium Priority
Lane A,1035,20,0.144,0.0,59.3,Medium,36.0,25.65,Medium Priority
Lane A,1040,20,0.144,0.0,58.9,Medium,36.0,25.65,Medium Priority
Lane A,1045,19,0.1368,0.0,65.2,Medium,35.2,24.36,Medium Priority
Lane A,1050,19,0.1368,0.0,60.7,Medium,35.2,24.36,Medium Priority
Lane A,1055,20,0.144,0.0,54.4,Medium,36.0,25.65,Medium Priority
Lane A,1060,18,0.1296,0.0,49.2,Medium,34.4,23.08,Medium Priority
Lane A,1065,18,0.1296,0.0,34.6,Medium,35.8,23.08,Medium Priority
Lane A,1070,18,0.1296,0.0,34.4,Medium,35.8,23.08,Medium Priority
Lane A,1075,18,0.1296,0.0,32.9,Medium,36.2,23.08,Medium Priority
Lane A,1080,18,0.1296,0.0,31.9,Medium,36.4,23.08,Medium Priority
Lane A,1085,19,0.1368,0.0,33.8,Medium,36.8,24.36,Medium Priority
Lane A,1090,20,0.144,0.0,32.6,Medium,37.9,25.65,Medium Priority
Lane A,1095,20,0.144,0.0,32.5,Medium,37.9,25.65,Medium Priority
Lane A,1100,20,0.144,0.0,40.0,Medium,36.0,25.65,Medium Priority
Lane A,1105,20,0.144,0.0,33.7,Medium,37.6,25.65,Medium Priority
Lane A,1110,20,0.144,0.0,34.7,Medium,37.3,25.65,Medium Priority
Lane A,1115,20,0.144,0.0,39.5,Medium,36.1,25.65,Medium Priority
Lane A,1120,20,0.144,0.0,39.0,Medium,36.2,25.65,Medium Priority
Lane A,1125,20,0.144,0.0,40.9,Medium,36.0,25.65,Medium Priority
Lane A,1130,20,0.144,0.05,42.5,Medium,36.4,25.94,Medium Priority
Lane A,1135,20,0.144,0.0,50.2,Medium,36.0,25.65,Medium Priority
Lane A,1140,20,0.144,0.0,53.9,Medium,36.0,25.65,Medium Priority
Lane A,1145,20,0.144,0.0,46.6,Medium,36.0,25.65,Medium Priority
Lane A,1150,20,0.144,0.0,84.4,Medium,36.0,25.65,Medium Priority
Lane A,1155,20,0.144,0.0,34.8,Medium,37.3,25.65,Medium Priority
Lane A,1160,20,0.144,0.0,34.9,Medium,37.3,25.65,Medium Priority
Lane A,1165,19,0.1368,0.0,36.0,Medium,36.2,24.36,Medium Priority
Lane A,1170,19,0.1368,0.0,37.7,Medium,35.8,24.36,Medium Priority
Lane A,1175,19,0.1368,0.0,39.6,Medium,35.3,24.36,Medium Priority
Lane A,1180,18,0.1296,0.0,43.4,Medium,34.4,23.08,Medium Priority
Lane A,1185,17,0.1224,0.0,45.2,Medium,33.6,21.8,Medium Priority
Lane A,1190,17,0.1224,0.0,48.2,Medium,33.6,21.8,Medium Priority
Lane A,1195,16,0.1152,0.0,40.0,Medium,32.8,20.52,Medium Priority
Lane A,1200,15,0.108,0.0,39.7,Medium,32.1,19.24,Low Priority
Lane A,1205,15,0.108,0.0,45.0,Medium,32.0,19.24,Low Priority
Lane A,1210,15,0.108,0.0,43.8,Medium,32.0,19.24,Low Priority
Lane A,1215,15,0.108,0.0,35.3,Medium,33.2,19.24,Low Priority
Lane A,1220,15,0.108,0.0,45.0,Medium,32.0,19.24,Low Priority
Lane A,1225,15,0.108,0.0,28.1,Medium,35.0,19.24,Low Priority
Lane A,1230,16,0.1152,0.0,32.2,Medium,34.8,20.52,Medium Priority
Lane A,1235,15,0.108,0.0,27.5,Medium,35.1,19.24,Low Priority
Lane A,1240,15,0.108,0.0,29.2,Medium,34.7,19.24,Low Priority
Lane A,1245,15,0.108,0.0,30.5,Medium,34.4,19.24,Low Priority
Lane A,1250,15,0.108,0.0,36.6,Medium,32.9,19.24,Low Priority
Lane A,1255,15,0.108,0.0,37.7,Medium,32.6,19.24,Low Priority
Lane A,1260,14,0.1008,0.0,51.1,Medium,31.2,17.95,Low Priority
Lane A,1265,14,0.1008,0.0,43.7,Medium,31.2,17.95,Low Priority
Lane A,1270,14,0.1008,0.0,34.6,Medium,32.6,17.95,Low Priority
Lane A,1275,14,0.1008,0.0,48.9,Medium,31.2,17.95,Low Priority
Lane A,1280,14,0.1008,0.0,26.6,Medium,34.6,17.95,Low Priority
Lane A,1285,14,0.1008,0.0,25.1,Medium,34.9,17.95,Low Priority
Lane A,1290,14,0.1008,0.0,25.8,Medium,34.8,17.95,Low Priority
Lane A,1295,14,0.1008,0.0,26.4,Medium,34.6,17.95,Low Priority
Lane A,1300,13,0.0936,0.0,19.5,Medium,35.5,16.67,Low Priority
Lane A,1305,13,0.0936,0.0,19.4,Medium,35.5,16.67,Low Priority
Lane A,1310,13,0.0936,0.0,19.1,Medium,35.6,16.67,Low Priority
Lane A,1315,13,0.0936,0.0,18.5,Medium,35.8,16.67,Low Priority
Lane A,1320,13,0.0936,0.0,19.1,Medium,35.6,16.67,Low Priority
Lane A,1325,14,0.1008,0.0,19.0,Medium,36.5,17.95,Low Priority
Lane A,1330,14,0.1008,0.0,17.6,Medium,36.8,17.95,Low Priority
Lane A,1335,14,0.1008,0.0,18.8,Medium,36.5,17.95,Low Priority
Lane A,1340,14,0.1008,0.0,17.6,Medium,36.8,17.95,Low Priority
Lane A,1345,14,0.1008,0.0,17.9,Medium,36.7,17.95,Low Priority
Lane A,1350,14,0.1008,0.0,18.6,Medium,36.6,17.95,Low Priority
Lane A,1355,14,0.1008,0.0,18.4,Medium,36.6,17.95,Low Priority
Lane A,1360,14,0.1008,0.0,11.8,Medium,38.2,17.95,Low Priority
Lane A,1365,14,0.1008,0.0,10.9,Medium,38.5,17.95,Low Priority
Lane A,1370,14,0.1008,0.0,11.6,Medium,38.3,17.95,Low Priority
Lane A,1375,14,0.1008,0.0,11.1,Medium,38.4,17.95,Low Priority
Lane A,1380,14,0.1008,0.0,17.0,Medium,37.0,17.95,Low Priority
Lane A,1385,14,0.1008,0.0,11.4,Medium,38.4,17.95,Low Priority
Lane A,1390,14,0.1008,0.0,12.0,Medium,38.2,17.95,Low Priority
Lane A,1395,14,0.1008,0.0,13.7,Medium,37.8,17.95,Low Priority
Lane A,1400,14,0.1008,0.0,11.0,Medium,38.5,17.95,Low Priority
Lane A,1405,14,0.1008,0.0,11.4,Medium,38.4,17.95,Low Priority
Lane A,1410,14,0.1008,0.0,11.3,Medium,38.4,17.95,Low Priority
Lane A,1415,14,0.1008,0.0,11.7,Medium,38.3,17.95,Low Priority
Lane A,1420,14,0.1008,0.0,10.8,Medium,38.5,17.95,Low Priority
Lane A,1425,13,0.0936,0.0,2.9,Medium,39.7,16.67,Low Priority
Lane A,1430,12,0.0864,0.0,3.9,Medium,38.6,15.39,Low Priority
Lane A,1435,12,0.0864,0.0,3.0,Medium,38.9,15.39,Low Priority
Lane A,1440,13,0.0936,0.0,3.4,Medium,39.5,16.67,Low Priority
Lane A,1445,13,0.0936,0.0,3.5,Medium,39.5,16.67,Low Priority
Lane A,1450,13,0.0936,0.0,2.8,Medium,39.7,16.67,Low Priority
Lane A,1455,13,0.0936,0.0,3.5,Medium,39.5,16.67,Low Priority
Lane A,1460,13,0.0936,0.0,2.3,Medium,39.8,16.67,Low Priority
Lane A,1465,13,0.0936,0.0,2.8,Medium,39.7,16.67,Low Priority
Lane A,1470,14,0.1008,0.0,3.6,Medium,40.3,17.95,Low Priority
Lane A,1475,14,0.1008,0.0,3.4,Medium,40.4,17.95,Low Priority
Lane A,1480,14,0.1008,0.0,3.0,Medium,40.5,17.95,Low Priority
Lane A,1485,14,0.1008,0.0,4.2,Medium,40.2,17.95,Low Priority
Lane A,1490,14,0.1008,0.0,4.1,Medium,40.2,17.95,Low Priority
Lane A,1495,14,0.1008,0.0,6.8,Medium,39.5,17.95,Low Priority
Lane A,1500,14,0.1008,0.0,5.9,Medium,39.7,17.95,Low Priority
Lane A,1505,14,0.1008,0.0,5.6,Medium,39.8,17.95,Low Priority
Lane A,1510,14,0.1008,0.0,6.2,Medium,39.7,17.95,Low Priority
Lane A,1515,14,0.1008,0.0,7.2,Medium,39.4,17.95,Low Priority
Lane A,1520,15,0.108,0.0,5.3,Medium,40.7,19.24,Low Priority
Lane A,1525,14,0.1008,0.0,15.0,Medium,37.5,17.95,Low Priority
Lane A,1530,14,0.1008,0.0,15.5,Medium,37.3,17.95,Low Priority
Lane A,1535,14,0.1008,0.0,20.6,Medium,36.1,17.95,Low Priority
Lane A,1540,14,0.1008,0.0,23.8,Medium,35.2,17.95,Low Priority
Lane A,1545,14,0.1008,0.0,27.3,Medium,34.4,17.95,Low Priority
Lane A,1550,13,0.0936,0.0,29.0,Medium,33.1,16.67,Low Priority
Lane A,1555,13,0.0936,0.0,29.3,Medium,33.1,16.67,Low Priority
Lane A,1560,13,0.0936,0.0,30.6,Medium,32.8,16.67,Low Priority
Lane A,1565,13,0.0936,0.0,28.5,Medium,33.3,16.67,Low Priority
Lane A,1570,13,0.0936,0.0,22.0,Medium,34.9,16.67,Low Priority
Lane A,1575,13,0.0936,0.0,25.2,Medium,34.1,16.67,Low Priority
Lane A,1580,14,0.1008,0.0,22.0,Medium,35.7,17.95,Low Priority
Lane A,1585,15,0.108,0.0,18.6,Medium,37.4,19.24,Low Priority
Lane A,1590,15,0.108,0.0,46.2,Medium,32.0,19.24,Low Priority
Lane A,1595,15,0.108,0.0,41.5,Medium,32.0,19.24,Low Priority
Lane A,1600,15,0.108,0.0,35.3,Medium,33.2,19.24,Low Priority
Lane A,1605,15,0.108,0.0,30.8,Medium,34.3,19.24,Low Priority
Lane A,1610,15,0.108,0.0,42.5,Medium,32.0,19.24,Low Priority
Lane A,1615,16,0.1152,0.0,29.7,Medium,35.4,20.52,Medium Priority
Lane A,1620,16,0.1152,0.0,39.0,Medium,33.0,20.52,Medium Priority
Lane A,1625,16,0.1152,0.0,40.6,Medium,32.8,20.52,Medium Priority
Lane A,1630,17,0.1224,0.0,42.0,Medium,33.6,21.8,Medium Priority
Lane A,1635,17,0.1224,0.0,54.3,Medium,33.6,21.8,Medium Priority
Lane A,1640,17,0.1224,0.0,56.9,Medium,33.6,21.8,Medium Priority
Lane A,1645,17,0.1224,0.0,61.0,Medium,33.6,21.8,Medium Priority
Lane A,1650,17,0.1224,0.0,62.0,Medium,33.6,21.8,Medium Priority
Lane A,1655,17,0.1224,0.0,56.0,Medium,33.6,21.8,Medium Priority
Lane A,1660,17,0.1224,0.0,58.7,Medium,33.6,21.8,Medium Priority
Lane A,1665,17,0.1224,0.0,57.4,Medium,33.6,21.8,Medium Priority
Lane A,1670,17,0.1224,0.0,56.7,Medium,33.6,21.8,Medium Priority
Lane A,1675,17,0.1224,0.0,59.9,Medium,33.6,21.8,Medium Priority
Lane A,1680,17,0.1224,0.0,75.2,Medium,33.6,21.8,Medium Priority
Lane A,1685,17,0.1224,0.0,69.7,Medium,33.6,21.8,Medium Priority
Lane A,1690,17,0.1224,0.0,70.9,Medium,33.6,21.8,Medium Priority
Lane A,1695,17,0.1224,0.0,61.9,Medium,33.6,21.8,Medium Priority
Lane A,1700,17,0.1224,0.0,60.9,Medium,33.6,21.8,Medium Priority
Lane A,1705,17,0.1224,0.0,53.0,Medium,33.6,21.8,Medium Priority
Lane A,1710,17,0.1224,0.0,101.1,Medium,33.6,21.8,Medium Priority
Lane A,1715,17,0.1224,0.0,61.6,Medium,33.6,21.8,Medium Priority
Lane A,1720,17,0.1224,0.0,58.3,Medium,33.6,21.8,Medium Priority
Lane A,1725,18,0.1296,0.0,61.0,Medium,34.4,23.08,Medium Priority
Lane A,1730,18,0.1296,0.0,76.9,Medium,34.4,23.08,Medium Priority
Lane A,1735,18,0.1296,0.0,76.1,Medium,34.4,23.08,Medium Priority
Lane A,1740,18,0.1296,0.0,73.4,Medium,34.4,23.08,Medium Priority
Lane A,1745,17,0.1224,0.0,72.5,Medium,33.6,21.8,Medium Priority
Lane A,1750,17,0.1224,0.0,71.4,Medium,33.6,21.8,Medium Priority
Lane A,1755,17,0.1224,0.0,69.6,Medium,33.6,21.8,Medium Priority
Lane A,1760,16,0.1152,0.0,60.1,Medium,32.8,20.52,Medium Priority
Lane A,1765,16,0.1152,0.0,61.8,Medium,32.8,20.52,Medium Priority
Lane A,1770,15,0.108,0.0,45.0,Medium,32.0,19.24,Low Priority
Lane A,1775,15,0.108,0.0,65.7,Medium,32.0,19.24,Low Priority
Lane A,1780,15,0.108,0.0,54.3,Medium,32.0,19.24,Low Priority
Lane A,1785,15,0.108,0.0,51.5,Medium,32.0,19.24,Low Priority
Lane A,1790,15,0.108,0.0,49.7,Medium,32.0,19.24,Low Priority
Lane A,1795,15,0.108,0.0,49.5,Medium,32.0,19.24,Low Priority
Lane A,1800,15,0.108,0.0,50.9,Medium,32.0,19.24,Low Priority
Lane A,1805,15,0.108,0.0,50.3,Medium,32.0,19.24,Low Priority
Lane A,1810,14,0.1008,0.0,45.5,Medium,31.2,17.95,Low Priority
Lane A,1815,14,0.1008,0.0,45.2,Medium,31.2,17.95,Low Priority
Lane A,1820,14,0.1008,0.0,44.6,Medium,31.2,17.95,Low Priority
Lane A,1825,14,0.1008,0.0,45.5,Medium,31.2,17.95,Low Priority
Lane A,1830,14,0.1008,0.0,45.8,Medium,31.2,17.95,Low Priority
Lane A,1835,15,0.108,0.0,47.4,Medium,32.0,19.24,Low Priority
Lane A,1840,15,0.108,0.0,78.1,Medium,32.0,19.24,Low Priority
Lane A,1845,15,0.108,0.0,78.9,Medium,32.0,19.24,Low Priority
Lane A,1850,15,0.108,0.0,76.3,Medium,32.0,19.24,Low Priority
Lane A,1855,15,0.108,0.0,71.4,Medium,32.0,19.24,Low Priority
Lane A,1860,14,0.1008,0.0,57.6,Medium,31.2,17.95,Low Priority
Lane A,1865,13,0.0936,0.0,48.6,Medium,30.4,16.67,Low Priority
Lane A,1870,13,0.0936,0.0,46.2,Medium,30.4,16.67,Low Priority
Lane A,1875,13,0.0936,0.0,43.9,Medium,30.4,16.67,Low Priority
Lane A,1880,13,0.0936,0.0,41.8,Medium,30.4,16.67,Low Priority
Lane A,1885,13,0.0936,0.0,34.7,Medium,31.7,16.67,Low Priority
Lane A,1890,12,0.0864,0.0,54.9,Medium,29.6,15.39,Low Priority
Lane A,1895,12,0.0864,0.0,49.2,Medium,29.6,15.39,Low Priority
Lane A,1900,12,0.0864,0.0,49.6,Medium,29.6,15.39,Low Priority
Lane A,1905,12,0.0864,0.0,49.5,Medium,29.6,15.39,Low Priority
Lane A,1910,12,0.0864,0.0,49.6,Medium,29.6,15.39,Low Priority
Lane A,1915,12,0.0864,0.0,49.0,Medium,29.6,15.39,Low Priority
Lane A,1920,12,0.0864,0.0,49.2,Medium,29.6,15.39,Low Priority
Lane B,5,0,0.0,5.0,0.0,Low,60.0,29.41,Medium Priority
Lane B,10,0,0.0,5.0,0.0,Low,60.0,29.41,Medium Priority
Lane B,15,17,0.0306,0.176,0.0,Low,29.9,11.49,Low Priority
Lane B,20,17,0.0306,0.235,170.8,Low,20.4,11.83,Low Priority
Lane B,25,18,0.0324,0.278,177.5,Low,21.2,12.7,Low Priority
Lane B,30,18,0.0324,0.167,164.3,Low,20.3,12.05,Low Priority
Lane B,35,18,0.0324,0.222,171.9,Low,20.8,12.37,Low Priority
Lane B,40,19,0.0342,0.158,177.5,Low,20.8,12.61,Low Priority
Lane B,45,19,0.0342,0.211,159.5,Low,21.2,12.92,Low Priority
Lane B,50,20,0.036,0.2,159.2,Low,21.6,13.47,Low Priority
Lane B,55,22,0.0396,0.182,168.7,Low,22.5,14.59,Low Priority
Lane B,60,22,0.0396,0.136,163.0,Low,22.1,14.32,Low Priority
Lane B,65,24,0.0432,0.083,158.0,Low,22.7,15.24,Low Priority
Lane B,70,24,0.0432,0.083,153.1,Low,22.7,15.24,Low Priority
Lane B,75,25,0.045,0.08,186.9,Low,23.1,15.84,Low Priority
Lane B,80,25,0.045,0.04,177.1,Low,22.8,15.6,Low Priority
Lane B,85,25,0.045,0.04,158.6,Low,22.8,15.6,Low Priority
Lane B,90,25,0.045,0.08,147.9,Low,23.1,15.84,Low Priority
Lane B,95,25,0.045,0.04,149.1,Low,22.8,15.6,Low Priority
Lane B,100,25,0.045,0.16,184.8,Low,23.8,16.31,Low Priority
Lane B,105,26,0.0468,0.077,152.7,Low,23.6,16.44,Low Priority
Lane B,110,26,0.0468,0.038,159.6,Low,23.3,16.21,Low Priority
Lane B,115,26,0.0468,0.038,193.8,Low,23.3,16.21,Low Priority
Lane B,120,27,0.0486,0.0,156.1,Low,23.5,16.6,Low Priority
Lane B,125,27,0.0486,0.037,156.7,Low,23.8,16.81,Low Priority
Lane B,130,27,0.0486,0.148,164.7,Low,24.7,17.47,Low Priority
Lane B,135,28,0.0504,0.143,187.8,Low,25.1,18.05,Low Priority
Lane B,140,28,0.0504,0.107,167.9,Low,24.9,17.84,Low Priority
Lane B,145,28,0.0504,0.107,156.6,Low,24.9,17.84,Low Priority
Lane B,150,28,0.0504,0.107,162.5,Low,24.9,17.84,Low Priority
Lane B,155,29,0.0522,0.069,153.5,Low,25.1,18.23,Low Priority
Lane B,160,30,0.054,0.067,159.5,Low,25.5,18.84,Low Priority
Lane B,165,30,0.054,0.033,148.9,Low,25.3,18.64,Low Priority
Lane B,170,30,0.054,0.067,149.4,Low,25.5,18.84,Low Priority
Lane B,175,30,0.054,0.133,147.9,Low,26.1,19.22,Low Priority
Lane B,180,30,0.054,0.033,143.8,Low,25.3,18.64,Low Priority
Lane B,185,31,0.0558,0.097,145.5,Low,26.3,19.63,Medium Priority
Lane B,190,32,0.0576,0.062,149.3,Low,26.5,20.04,Medium Priority
Lane B,195,32,0.0576,0.031,186.3,Low,26.2,19.85,Medium Priority
Lane B,200,31,0.0558,0.065,157.9,Low,26.0,19.44,Medium Priority
Lane B,205,32,0.0576,0.031,151.5,Low,26.2,19.85,Medium Priority
Lane B,210,32,0.0576,0.031,139.9,Low,26.2,19.85,Medium Priority
Lane B,215,31,0.0558,0.065,163.0,Low,26.0,19.44,Medium Priority
Lane B,220,32,0.0576,0.031,148.0,Low,26.2,19.85,Medium Priority
Lane B,225,31,0.0558,0.0,146.6,Low,25.5,19.06,Low Priority
Lane B,230,32,0.0576,0.062,153.1,Low,26.5,20.04,Medium Priority
Lane B,235,32,0.0576,0.062,153.4,Low,26.5,20.04,Medium Priority
Lane B,240,32,0.0576,0.062,176.9,Low,26.5,20.04,Medium Priority
Lane B,245,33,0.0594,0.061,155.4,Low,27.0,20.64,Medium Priority
Lane B,250,33,0.0594,0.061,153.1,Low,27.0,20.64,Medium Priority
Lane B,255,33,0.0594,0.03,186.3,Low,26.7,20.46,Medium Priority
Lane B,260,34,0.0612,0.088,153.8,Low,27.7,21.42,Medium Priority
Lane B,265,34,0.0612,0.206,147.6,Low,28.6,22.11,Medium Priority
Lane B,270,35,0.063,0.171,145.0,Low,28.9,22.52,Medium Priority
Lane B,275,37,0.0666,0.189,146.3,Low,30.0,23.86,Medium Priority
Lane B,280,37,0.0666,0.189,146.9,Low,30.0,23.86,Medium Priority
Lane B,285,38,0.0684,0.132,143.4,Low,30.1,24.14,Medium Priority
Lane B,290,39,0.0702,0.051,143.7,Low,29.9,24.27,Medium Priority
Lane B,295,40,0.072,0.125,142.9,Low,31.0,25.32,Medium Priority
Lane B,300,41,0.0738,0.122,140.1,Low,31.5,25.92,Medium Priority
Lane B,305,41,0.0738,0.049,143.6,Low,30.9,25.49,Medium Priority
Lane B,310,41,0.0738,0.049,148.6,Low,30.9,25.49,Medium Priority
Lane B,315,41,0.0738,0.098,168.1,Low,31.3,25.78,Medium Priority
Lane B,320,42,0.0756,0.071,152.0,Low,31.6,26.24,Medium Priority
Lane B,325,43,0.0774,0.07,146.3,Low,32.1,26.84,Medium Priority
Lane B,330,44,0.0792,0.045,134.6,Low,32.4,27.31,Medium Priority
Lane B,335,46,0.0828,0.065,139.6,Medium,57.3,55.72,High Priority
Lane B,340,46,0.0828,0.043,145.5,Medium,57.1,55.59,High Priority
Lane B,345,45,0.081,0.067,148.5,Medium,56.5,54.53,High Priority
Lane B,350,45,0.081,0.067,147.2,Medium,56.5,54.53,High Priority
Lane B,355,44,0.0792,0.045,146.1,Low,32.4,27.31,Medium Priority
Lane B,360,43,0.0774,0.093,161.0,Low,32.2,26.98,Medium Priority
Lane B,365,44,0.0792,0.023,148.1,Low,32.2,27.18,Medium Priority
Lane B,370,44,0.0792,0.045,151.6,Low,32.4,27.31,Medium Priority
Lane B,375,45,0.081,0.089,181.5,Medium,56.7,54.66,High Priority
Lane B,380,46,0.0828,0.087,156.7,Medium,57.5,55.85,High Priority
Lane B,385,46,0.0828,0.022,152.9,Medium,57.0,55.46,High Priority
Lane B,390,44,0.0792,0.068,155.0,Low,32.5,27.45,Medium Priority
Lane B,395,44,0.0792,0.068,150.6,Low,32.5,27.45,Medium Priority
Lane B,400,45,0.081,0.044,154.4,Medium,56.4,54.39,High Priority
Lane B,405,44,0.0792,0.023,153.5,Low,32.2,27.18,Medium Priority
Lane B,410,42,0.0756,0.024,153.9,Low,31.2,25.96,Medium Priority
Lane B,415,41,0.0738,0.073,156.1,Low,31.1,25.63,Medium Priority
Lane B,420,40,0.072,0.05,155.6,Low,30.4,24.88,Medium Priority
Lane B,425,40,0.072,0.075,160.7,Low,30.6,25.03,Medium Priority
Lane B,430,39,0.0702,0.103,154.5,Low,30.3,24.58,Medium Priority
Lane B,435,39,0.0702,0.103,180.8,Low,30.3,24.58,Medium Priority
Lane B,440,39,0.0702,0.103,169.8,Low,30.3,24.58,Medium Priority
Lane B,445,41,0.0738,0.073,158.5,Low,31.1,25.63,Medium Priority
Lane B,450,41,0.0738,0.098,150.0,Low,31.3,25.78,Medium Priority
Lane B,455,41,0.0738,0.098,151.4,Low,31.3,25.78,Medium Priority
Lane B,460,40,0.072,0.1,150.1,Low,30.8,25.18,Medium Priority
Lane B,465,40,0.072,0.175,150.5,Low,31.4,25.62,Medium Priority
Lane B,470,40,0.072,0.05,149.1,Low,30.4,24.88,Medium Priority
Lane B,475,40,0.072,0.075,142.8,Low,30.6,25.03,Medium Priority
Lane B,480,40,0.072,0.05,157.1,Low,30.4,24.88,Medium Priority
Lane B,485,39,0.0702,0.077,148.0,Low,30.1,24.43,Medium Priority
Lane B,490,39,0.0702,0.103,142.7,Low,30.3,24.58,Medium Priority
Lane B,495,39,0.0702,0.051,171.8,Low,29.9,24.27,Medium Priority
Lane B,500,40,0.072,0.05,154.5,Low,30.4,24.88,Medium Priority
Lane B,505,42,0.0756,0.071,148.0,Low,31.6,26.24,Medium Priority
Lane B,510,42,0.0756,0.048,146.6,Low,31.4,26.1,Medium Priority
Lane B,515,41,0.0738,0.049,156.5,Low,30.9,25.49,Medium Priority
Lane B,520,41,0.0738,0.073,146.7,Low,31.1,25.63,Medium Priority
Lane B,525,40,0.072,0.05,146.8,Low,30.4,24.88,Medium Priority
Lane B,530,40,0.072,0.075,146.3,Low,30.6,25.03,Medium Priority
Lane B,535,40,0.072,0.025,151.4,Low,30.2,24.74,Medium Priority
Lane B,540,40,0.072,0.05,160.7,Low,30.4,24.88,Medium Priority
Lane B,545,40,0.072,0.025,147.3,Low,30.2,24.74,Medium Priority
Lane B,550,40,0.072,0.025,142.5,Low,30.2,24.74,Medium Priority
Lane B,555,40,0.072,0.05,179.0,Low,30.4,24.88,Medium Priority
Lane B,560,40,0.072,0.1,165.2,Low,30.8,25.18,Medium Priority
Lane B,565,42,0.0756,0.095,156.3,Low,31.8,26.38,Medium Priority
Lane B,570,41,0.0738,0.073,152.9,Low,31.1,25.63,Medium Priority
Lane B,575,42,0.0756,0.167,144.3,Low,32.3,26.8,Medium Priority
Lane B,580,43,0.0774,0.07,207.4,Low,32.1,26.84,Medium Priority
Lane B,585,42,0.0756,0.143,158.1,Low,32.1,26.66,Medium Priority
Lane B,590,42,0.0756,0.071,150.7,Low,31.6,26.24,Medium Priority
Lane B,595,42,0.0756,0.024,147.9,Low,31.2,25.96,Medium Priority
Lane B,600,41,0.0738,0.073,151.5,Low,31.1,25.63,Medium Priority
Lane B,605,42,0.0756,0.024,148.3,Low,31.2,25.96,Medium Priority
Lane B,610,44,0.0792,0.045,153.6,Low,32.4,27.31,Medium Priority
Lane B,615,44,0.0792,0.068,190.2,Low,32.5,27.45,Medium Priority
Lane B,620,43,0.0774,0.07,135.2,Low,32.1,26.84,Medium Priority
Lane C,5,0,0.0,0.0,0.0,Low,20.0,0.0,Low Priority
Lane C,10,0,0.0,0.0,0.0,Low,20.0,0.0,Low Priority
Lane C,15,1,0.0162,0.0,0.0,Low,20.5,0.83,Low Priority
Lane C,20,1,0.0162,0.0,2.1,Low,20.0,0.83,Low Priority
Lane C,25,1,0.0162,0.0,2.1,Low,20.0,0.83,Low Priority
Lane C,30,1,0.0162,0.0,0.0,Low,20.5,0.83,Low Priority
Lane C,35,1,0.0162,0.0,6.5,Low,18.9,0.83,Low Priority
Lane C,40,1,0.0162,0.0,2.1,Low,20.0,0.83,Low Priority
Lane C,45,1,0.0162,0.0,2.1,Low,20.0,0.83,Low Priority
Lane C,50,1,0.0162,0.0,2.1,Low,20.0,0.83,Low Priority
Lane C,55,1,0.0162,0.0,12.4,Low,17.4,0.83,Low Priority
Lane C,60,1,0.0162,0.0,2.1,Low,20.0,0.83,Low Priority
Lane C,65,1,0.0162,0.0,2.1,Low,20.0,0.83,Low Priority
Lane C,70,2,0.0324,0.0,2.9,Low,20.3,1.65,Low Priority
Lane C,75,2,0.0324,0.0,24.9,Low,14.8,1.65,Low Priority
Lane C,80,2,0.0324,0.0,26.9,Low,14.3,1.65,Low Priority
Lane C,85,2,0.0324,0.0,20.1,Low,16.0,1.65,Low Priority
Lane C,90,2,0.0324,0.0,19.6,Low,16.1,1.65,Low Priority
Lane C,95,2,0.0324,0.0,21.1,Low,15.7,1.65,Low Priority
Lane C,100,2,0.0324,0.0,18.8,Low,16.3,1.65,Low Priority
Lane C,105,2,0.0324,0.0,21.1,Low,15.7,1.65,Low Priority
Lane C,110,2,0.0324,0.0,19.7,Low,16.1,1.65,Low Priority
Lane C,115,2,0.0324,0.0,20.8,Low,15.8,1.65,Low Priority
Lane C,120,2,0.0324,0.0,20.8,Low,15.8,1.65,Low Priority
Lane C,125,2,0.0324,0.0,20.1,Low,16.0,1.65,Low Priority
Lane C,130,2,0.0324,0.0,19.7,Low,16.1,1.65,Low Priority
Lane C,135,2,0.0324,0.0,20.8,Low,15.8,1.65,Low Priority
Lane C,140,2,0.0324,0.0,18.6,Low,16.4,1.65,Low Priority
Lane C,145,2,0.0324,0.0,19.7,Low,16.1,1.65,Low Priority
Lane C,150,2,0.0324,0.0,21.2,Low,15.7,1.65,Low Priority
Lane C,155,2,0.0324,0.0,19.7,Low,16.1,1.65,Low Priority
Lane C,160,3,0.0486,0.0,19.7,Low,16.6,2.48,Low Priority
Lane C,165,3,0.0486,0.0,16.0,Low,17.5,2.48,Low Priority
Lane C,170,3,0.0486,0.0,14.5,Low,17.9,2.48,Low Priority
Lane C,175,3,0.0486,0.0,14.5,Low,17.9,2.48,Low Priority
Lane C,180,3,0.0486,0.0,14.5,Low,17.9,2.48,Low Priority
Lane C,185,3,0.0486,0.0,15.9,Low,17.5,2.48,Low Priority
Lane C,190,3,0.0486,0.0,16.0,Low,17.5,2.48,Low Priority
Lane C,195,3,0.0486,0.0,17.4,Low,17.1,2.48,Low Priority
Lane C,200,3,0.0486,0.0,18.7,Low,16.8,2.48,Low Priority
Lane C,205,3,0.0486,0.0,13.1,Low,18.2,2.48,Low Priority
Lane C,210,2,0.0324,0.0,37.3,Low,11.7,1.65,Low Priority
Lane C,215,2,0.0324,0.0,22.8,Low,15.3,1.65,Low Priority
Lane C,220,2,0.0324,0.0,24.9,Low,14.8,1.65,Low Priority
Lane C,225,2,0.0324,0.0,23.9,Low,15.0,1.65,Low Priority
Lane C,230,2,0.0324,0.0,22.9,Low,15.3,1.65,Low Priority
Lane C,235,1,0.0162,0.0,10.3,Low,17.9,0.83,Low Priority
Lane C,240,1,0.0162,0.0,8.3,Low,18.4,0.83,Low Priority
Lane C,245,1,0.0162,0.0,8.3,Low,18.4,0.83,Low Priority
Lane C,250,1,0.0162,0.0,8.3,Low,18.4,0.83,Low Priority
Lane C,255,1,0.0162,0.0,10.3,Low,17.9,0.83,Low Priority
Lane C,260,1,0.0162,0.0,8.3,Low,18.4,0.83,Low Priority
Lane C,265,1,0.0162,1.0,8.5,Low,26.4,6.71,Low Priority
Lane C,270,1,0.0162,0.0,8.5,Low,18.4,0.83,Low Priority
Lane C,275,1,0.0162,0.0,10.6,Low,17.9,0.83,Low Priority
Lane C,280,1,0.0162,0.0,8.3,Low,18.4,0.83,Low Priority
Lane C,285,1,0.0162,0.0,8.3,Low,18.4,0.83,Low Priority
Lane C,290,1,0.0162,0.0,10.3,Low,17.9,0.83,Low Priority
Lane C,295,1,0.0162,0.0,8.3,Low,18.4,0.83,Low Priority
Lane C,300,1,0.0162,0.0,10.3,Low,17.9,0.83,Low Priority
Lane C,305,1,0.0162,0.0,8.3,Low,18.4,0.83,Low Priority
Lane C,310,1,0.0162,0.0,8.3,Low,18.4,0.83,Low Priority
Lane C,315,1,0.0162,0.0,10.6,Low,17.9,0.83,Low Priority
Lane C,320,1,0.0162,0.0,8.5,Low,18.4,0.83,Low Priority
Lane C,325,1,0.0162,0.0,8.5,Low,18.4,0.83,Low Priority
Lane C,330,1,0.0162,0.0,8.3,Low,18.4,0.83,Low Priority
Lane C,335,1,0.0162,0.0,8.3,Low,18.4,0.83,Low Priority
Lane C,340,1,0.0162,0.0,10.3,Low,17.9,0.83,Low Priority
Lane C,345,1,0.0162,0.0,8.3,Low,18.4,0.83,Low Priority
Lane C,350,1,0.0162,0.0,8.3,Low,18.4,0.83,Low Priority
Lane C,355,1,0.0162,0.0,10.3,Low,17.9,0.83,Low Priority
Lane C,360,1,0.0162,0.0,8.3,Low,18.4,0.83,Low Priority
Lane C,365,0,0.0,0.0,0.0,Low,20.0,0.0,Low Priority
Lane C,370,0,0.0,0.0,0.0,Low,20.0,0.0,Low Priority
Lane C,375,0,0.0,0.0,0.0,Low,20.0,0.0,Low Priority
Lane C,380,0,0.0,0.0,0.0,Low,20.0,0.0,Low Priority
Lane C,385,0,0.0,0.0,0.0,Low,20.0,0.0,Low Priority
Lane C,390,0,0.0,0.0,0.0,Low,20.0,0.0,Low Priority
Lane C,395,0,0.0,0.0,0.0,Low,20.0,0.0,Low Priority
Lane C,400,0,0.0,0.0,0.0,Low,20.0,0.0,Low Priority
Lane C,405,0,0.0,0.0,0.0,Low,20.0,0.0,Low Priority
Lane C,410,0,0.0,0.0,0.0,Low,20.0,0.0,Low Priority
Lane C,415,0,0.0,0.0,0.0,Low,20.0,0.0,Low Priority
Lane C,420,0,0.0,0.0,0.0,Low,20.0,0.0,Low Priority
Lane C,425,0,0.0,0.0,0.0,Low,20.0,0.0,Low Priority
Lane C,430,1,0.0162,0.0,0.0,Low,20.5,0.83,Low Priority
Lane C,435,1,0.0162,0.0,15.1,Low,16.7,0.83,Low Priority
Lane C,440,1,0.0162,0.0,16.7,Low,16.3,0.83,Low Priority
Lane C,445,1,0.0162,0.0,14.5,Low,16.9,0.83,Low Priority
Lane C,450,1,0.0162,0.0,29.0,Low,13.2,0.83,Low Priority
Lane C,455,1,0.0162,0.0,14.6,Low,16.9,0.83,Low Priority
Lane C,460,1,0.0162,0.0,14.6,Low,16.9,0.83,Low Priority
Lane C,465,1,0.0162,0.0,14.5,Low,16.9,0.83,Low Priority
Lane C,470,1,0.0162,0.0,12.6,Low,17.4,0.83,Low Priority
Lane C,475,1,0.0162,0.0,14.6,Low,16.9,0.83,Low Priority
Lane C,480,1,0.0162,0.0,14.5,Low,16.9,0.83,Low Priority
Lane C,485,1,0.0162,0.0,14.6,Low,16.9,0.83,Low Priority
Lane C,490,2,0.0324,0.0,14.6,Low,17.4,1.65,Low Priority
Lane C,495,2,0.0324,0.0,76.6,Low,11.0,1.65,Low Priority
Lane C,500,2,0.0324,0.0,102.5,Low,11.0,1.65,Low Priority
Lane C,505,2,0.0324,0.0,147.1,Low,11.0,1.65,Low Priority
Lane C,510,2,0.0324,0.0,162.6,Low,11.0,1.65,Low Priority
Lane C,515,2,0.0324,0.0,183.2,Low,11.0,1.65,Low Priority
Lane C,520,2,0.0324,0.0,183.2,Low,11.0,1.65,Low Priority
Lane C,525,2,0.0324,0.0,128.4,Low,11.0,1.65,Low Priority
Lane C,530,3,0.0486,0.0,96.3,Low,11.5,2.48,Low Priority
Lane C,535,3,0.0486,0.0,59.4,Low,11.5,2.48,Low Priority
Lane C,540,3,0.0486,0.0,77.3,Low,11.5,2.48,Low Priority
Lane C,545,4,0.0648,0.0,76.7,Low,12.0,3.31,Low Priority
Lane C,550,4,0.0648,0.0,113.9,Low,12.0,3.31,Low Priority
Lane C,555,5,0.081,0.0,126.8,Medium,24.0,7.07,Low Priority
Lane C,560,5,0.081,0.0,111.0,Medium,24.0,7.07,Low Priority
Lane C,565,5,0.081,0.0,118.4,Medium,24.0,7.07,Low Priority
Lane C,570,5,0.081,0.0,124.2,Medium,24.0,7.07,Low Priority
Lane C,575,5,0.081,0.0,106.9,Medium,24.0,7.07,Low Priority
Lane C,580,5,0.081,0.0,103.5,Medium,24.0,7.07,Low Priority
Lane C,585,5,0.081,0.0,114.3,Medium,24.0,7.07,Low Priority
Lane C,590,5,0.081,0.0,125.0,Medium,24.0,7.07,Low Priority
Lane C,595,5,0.081,0.0,132.9,Medium,24.0,7.07,Low Priority
Lane C,600,5,0.081,0.0,143.3,Medium,24.0,7.07,Low Priority
Lane C,605,4,0.0648,0.0,193.1,Low,12.0,3.31,Low Priority
Lane C,610,4,0.0648,0.0,134.5,Low,12.0,3.31,Low Priority
Lane C,615,4,0.0648,0.0,135.7,Low,12.0,3.31,Low Priority
Lane C,620,5,0.081,0.0,135.1,Medium,24.0,7.07,Low Priority
Lane C,625,5,0.081,0.0,131.2,Medium,24.0,7.07,Low Priority
Lane C,630,6,0.0972,0.0,130.8,Medium,24.8,8.49,Low Priority
Lane C,635,6,0.0972,0.0,116.7,Medium,24.8,8.49,Low Priority
Lane C,640,6,0.0972,0.0,115.9,Medium,24.8,8.49,Low Priority
Lane C,645,6,0.0972,0.0,114.9,Medium,24.8,8.49,Low Priority
Lane C,650,6,0.0972,0.0,117.0,Medium,24.8,8.49,Low Priority
Lane C,655,6,0.0972,0.0,110.4,Medium,24.8,8.49,Low Priority
Lane C,660,6,0.0972,0.0,109.4,Medium,24.8,8.49,Low Priority
Lane C,665,6,0.0972,0.0,112.5,Medium,24.8,8.49,Low Priority
Lane C,670,6,0.0972,0.0,115.9,Medium,24.8,8.49,Low Priority
Lane C,675,6,0.0972,0.0,121.1,Medium,24.8,8.49,Low Priority
Lane C,680,6,0.0972,0.0,127.0,Medium,24.8,8.49,Low Priority
Lane C,685,5,0.081,0.0,159.8,Medium,24.0,7.07,Low Priority
Lane C,690,4,0.0648,0.0,160.4,Low,12.0,3.31,Low Priority
Lane C,695,4,0.0648,0.0,114.4,Low,12.0,3.31,Low Priority
Lane C,700,5,0.081,0.0,114.9,Medium,24.0,7.07,Low Priority
Lane C,705,6,0.0972,0.0,96.9,Medium,24.8,8.49,Low Priority
Lane C,710,6,0.0972,0.0,125.6,Medium,24.8,8.49,Low Priority
Lane C,715,6,0.0972,0.0,111.5,Medium,24.8,8.49,Low Priority
Lane C,720,6,0.0972,0.0,114.2,Medium,24.8,8.49,Low Priority
Lane C,725,6,0.0972,0.0,118.4,Medium,24.8,8.49,Low Priority
Lane C,730,6,0.0972,0.0,121.1,Medium,24.8,8.49,Low Priority
Lane C,735,5,0.081,0.0,106.0,Medium,24.0,7.07,Low Priority
Lane C,740,5,0.081,0.0,109.8,Medium,24.0,7.07,Low Priority
Lane C,745,5,0.081,0.0,130.0,Medium,24.0,7.07,Low Priority
Lane C,750,5,0.081,0.0,144.1,Medium,24.0,7.07,Low Priority
Lane C,755,5,0.081,0.0,95.7,Medium,24.0,7.07,Low Priority
Lane C,760,4,0.0648,0.0,98.4,Low,12.0,3.31,Low Priority
Lane C,765,4,0.0648,0.0,98.4,Low,12.0,3.31,Low Priority
Lane C,770,4,0.0648,0.0,97.9,Low,12.0,3.31,Low Priority
Lane C,775,3,0.0486,0.333,93.2,Low,14.2,4.44,Low Priority
Lane C,780,3,0.0486,0.333,92.5,Low,14.2,4.44,Low Priority
Lane C,785,4,0.0648,0.25,92.5,Low,14.0,4.78,Low Priority
Lane C,790,4,0.0648,0.25,89.0,Low,14.0,4.78,Low Priority
Lane C,795,4,0.0648,0.0,88.5,Low,12.0,3.31,Low Priority
Lane C,800,4,0.0648,0.0,89.6,Low,12.0,3.31,Low Priority
Lane C,805,4,0.0648,0.0,89.6,Low,12.0,3.31,Low Priority
Lane C,810,4,0.0648,0.25,89.6,Low,14.0,4.78,Low Priority
Lane C,815,4,0.0648,0.25,89.1,Low,14.0,4.78,Low Priority
Lane C,820,4,0.0648,0.25,89.6,Low,14.0,4.78,Low Priority
Lane C,825,4,0.0648,0.5,91.1,Low,16.0,6.25,Low Priority
Lane D,5,0,0.0,2.0,0.0,Low,36.0,11.76,Low Priority
Lane D,10,0,0.0,2.0,0.0,Low,36.0,11.76,Low Priority
Lane D,15,21,0.1512,0.095,0.0,Medium,47.6,27.49,Medium Priority
Lane D,20,21,0.1512,0.095,20.8,Medium,42.4,27.49,Medium Priority
Lane D,25,21,0.1512,0.095,23.7,Medium,41.6,27.49,Medium Priority
Lane D,30,21,0.1512,0.095,23.2,Medium,41.8,27.49,Medium Priority
Lane D,35,22,0.1584,0.045,23.1,Medium,42.2,28.48,Medium Priority
Lane D,40,22,0.1584,0.091,21.9,Medium,42.9,28.75,Medium Priority
Lane D,45,23,0.1655,0.13,20.9,High,59.6,43.79,High Priority
Lane D,50,23,0.1655,0.087,21.8,High,59.0,43.53,High Priority
Lane D,55,23,0.1655,0.087,20.9,High,59.3,43.53,High Priority
Lane D,60,23,0.1655,0.043,17.7,High,59.7,43.28,High Priority
Lane D,65,24,0.1727,0.0,19.5,High,59.5,44.89,High Priority
Lane D,70,24,0.1727,0.042,22.8,High,59.0,45.14,High Priority
Lane D,75,25,0.1799,0.04,19.7,High,60.0,47.0,High Priority
Lane D,80,25,0.1799,0.04,20.7,High,60.0,47.0,High Priority
Lane D,85,26,0.1871,0.038,22.1,High,60.0,48.86,High Priority
Lane D,90,27,0.1943,0.0,20.6,High,60.0,50.5,High Priority
Lane D,95,28,0.2015,0.0,19.6,High,60.0,52.37,High Priority
Lane D,100,28,0.2015,0.036,18.2,High,60.0,52.59,High Priority
Lane D,105,29,0.2087,0.034,17.1,High,60.0,54.45,High Priority
Lane D,110,29,0.2087,0.069,18.3,High,60.0,54.65,High Priority
Lane D,115,29,0.2087,0.0,18.3,High,60.0,54.25,High Priority
Lane D,120,29,0.2087,0.0,19.5,High,60.0,54.25,High Priority
Lane D,125,29,0.2087,0.0,20.1,High,60.0,54.25,High Priority
Lane D,130,30,0.2159,0.0,20.6,High,60.0,56.12,High Priority
Lane D,135,30,0.2159,0.0,20.1,High,60.0,56.12,High Priority
Lane D,140,32,0.2303,0.0,17.4,High,60.0,59.86,High Priority
Lane D,145,32,0.2303,0.031,20.6,High,60.0,60.04,High Priority
Lane D,150,32,0.2303,0.0,21.0,High,60.0,59.86,High Priority
Lane D,155,32,0.2303,0.0,21.8,High,60.0,59.86,High Priority
Lane D,160,32,0.2303,0.031,22.4,High,60.0,60.04,High Priority
Lane D,165,32,0.2303,0.031,21.7,High,60.0,60.04,High Priority
Lane D,170,31,0.2231,0.032,22.1,High,60.0,58.17,High Priority
Lane D,175,31,0.2231,0.032,21.4,High,60.0,58.17,High Priority
Lane D,180,31,0.2231,0.032,21.1,High,60.0,58.17,High Priority
Lane D,185,31,0.2231,0.032,20.7,High,60.0,58.17,High Priority
Lane D,190,31,0.2231,0.032,21.0,High,60.0,58.17,High Priority
Lane D,195,31,0.2231,0.032,20.0,High,60.0,58.17,High Priority
Lane D,200,31,0.2231,0.0,18.6,High,60.0,57.99,High Priority
Lane D,205,31,0.2231,0.0,20.0,High,60.0,57.99,High Priority
Lane D,210,31,0.2231,0.0,22.3,High,60.0,57.99,High Priority
Lane D,215,31,0.2231,0.0,22.0,High,60.0,57.99,High Priority
Lane D,220,31,0.2231,0.0,18.4,High,60.0,57.99,High Priority
Lane D,225,31,0.2231,0.0,21.4,High,60.0,57.99,High Priority
Lane D,230,31,0.2231,0.0,18.4,High,60.0,57.99,High Priority
Lane D,235,31,0.2231,0.0,17.5,High,60.0,57.99,High Priority
Lane D,240,31,0.2231,0.0,20.4,High,60.0,57.99,High Priority
Lane D,245,32,0.2303,0.0,20.2,High,60.0,59.86,High Priority
Lane D,250,32,0.2303,0.0,19.9,High,60.0,59.86,High Priority
Lane D,255,32,0.2303,0.0,19.6,High,60.0,59.86,High Priority
Lane D,260,32,0.2303,0.0,20.2,High,60.0,59.86,High Priority
Lane D,265,32,0.2303,0.0,18.1,High,60.0,59.86,High Priority
Lane D,270,32,0.2303,0.0,19.0,High,60.0,59.86,High Priority
Lane D,275,33,0.2375,0.0,23.6,High,60.0,61.73,High Priority
Lane D,280,34,0.2447,0.0,71.5,High,60.0,63.6,High Priority
Lane D,285,34,0.2447,0.0,19.5,High,60.0,63.6,High Priority
Lane D,290,34,0.2447,0.0,18.1,High,60.0,63.6,High Priority
Lane D,295,33,0.2375,0.0,18.0,High,60.0,61.73,High Priority
Lane D,300,33,0.2375,0.0,22.5,High,60.0,61.73,High Priority
Lane D,305,33,0.2375,0.0,19.5,High,60.0,61.73,High Priority
Lane D,310,33,0.2375,0.0,18.6,High,60.0,61.73,High Priority
Lane D,315,33,0.2375,0.03,18.1,High,60.0,61.9,High Priority
Lane D,320,33,0.2375,0.0,18.0,High,60.0,61.73,High Priority
Lane D,325,34,0.2447,0.029,18.0,High,60.0,63.77,High Priority
Lane D,330,35,0.2519,0.0,21.2,High,60.0,65.47,High Priority
Lane D,335,35,0.2519,0.029,22.0,High,60.0,65.64,High Priority
Lane D,340,35,0.2519,0.029,20.0,High,60.0,65.64,High Priority
Lane D,345,34,0.2447,0.0,20.1,High,60.0,63.6,High Priority
Lane D,350,32,0.2303,0.0,20.8,High,60.0,59.86,High Priority
Lane D,355,32,0.2303,0.0,20.4,High,60.0,59.86,High Priority
Lane D,360,32,0.2303,0.0,20.9,High,60.0,59.86,High Priority
Lane D,365,32,0.2303,0.0,20.2,High,60.0,59.86,High Priority
Lane D,370,32,0.2303,0.0,22.2,High,60.0,59.86,High Priority
Lane D,375,32,0.2303,0.0,20.1,High,60.0,59.86,High Priority
Lane D,380,33,0.2375,0.0,20.2,High,60.0,61.73,High Priority
Lane D,385,33,0.2375,0.03,18.3,High,60.0,61.9,High Priority
Lane D,390,34,0.2447,0.059,18.9,High,60.0,63.95,High Priority
Lane D,395,33,0.2375,0.061,17.0,High,60.0,62.09,High Priority
Lane D,400,33,0.2375,0.061,19.4,High,60.0,62.09,High Priority
Lane D,405,33,0.2375,0.061,20.3,High,60.0,62.09,High Priority
Lane D,410,35,0.2519,0.057,18.1,High,60.0,65.8,High Priority
Lane D,415,35,0.2519,0.057,19.5,High,60.0,65.8,High Priority
Lane D,420,35,0.2519,0.057,17.9,High,60.0,65.8,High Priority
Lane D,425,35,0.2519,0.086,19.2,High,60.0,65.97,High Priority
Lane D,430,34,0.2447,0.059,25.8,High,60.0,63.95,High Priority
Lane D,435,33,0.2375,0.061,25.7,High,60.0,62.09,High Priority
Lane D,440,32,0.2303,0.062,21.7,High,60.0,60.22,High Priority
Lane D,445,32,0.2303,0.062,22.6,High,60.0,60.22,High Priority
Lane D,450,32,0.2303,0.062,20.0,High,60.0,60.22,High Priority
Lane D,455,33,0.2375,0.061,22.7,High,60.0,62.09,High Priority
Lane D,460,33,0.2375,0.061,20.5,High,60.0,62.09,High Priority
Lane D,465,33,0.2375,0.061,19.0,High,60.0,62.09,High Priority
Lane D,470,32,0.2303,0.031,19.3,High,60.0,60.04,High Priority
Lane D,475,33,0.2375,0.061,20.5,High,60.0,62.09,High Priority
Lane D,480,33,0.2375,0.03,18.7,High,60.0,61.9,High Priority
Lane D,485,33,0.2375,0.0,17.8,High,60.0,61.73,High Priority
Lane D,490,33,0.2375,0.0,18.8,High,60.0,61.73,High Priority
Lane D,495,33,0.2375,0.03,25.4,High,60.0,61.9,High Priority
Lane D,500,33,0.2375,0.0,18.0,High,60.0,61.73,High Priority
Lane D,505,33,0.2375,0.03,21.7,High,60.0,61.9,High Priority
Lane D,510,33,0.2375,0.061,22.8,High,60.0,62.09,High Priority
Lane D,515,32,0.2303,0.031,21.6,High,60.0,60.04,High Priority
Lane D,520,32,0.2303,0.0,19.1,High,60.0,59.86,High Priority
Lane D,525,32,0.2303,0.031,17.5,High,60.0,60.04,High Priority
Lane D,530,32,0.2303,0.031,17.1,High,60.0,60.04,High Priority
Lane D,535,31,0.2231,0.032,18.0,High,60.0,58.17,High Priority
Lane D,540,31,0.2231,0.0,16.5,High,60.0,57.99,High Priority
Lane D,545,31,0.2231,0.0,17.9,High,60.0,57.99,High Priority
Lane D,550,32,0.2303,0.0,16.9,High,60.0,59.86,High Priority
Lane D,555,32,0.2303,0.0,17.8,High,60.0,59.86,High Priority
Lane D,560,32,0.2303,0.0,15.2,High,60.0,59.86,High Priority
Lane D,565,32,0.2303,0.0,18.3,High,60.0,59.86,High Priority
Lane D,570,32,0.2303,0.0,17.4,High,60.0,59.86,High Priority
Lane D,575,32,0.2303,0.062,15.8,High,60.0,60.22,High Priority
Lane D,580,32,0.2303,0.031,14.7,High,60.0,60.04,High Priority
Lane D,585,29,0.2087,0.034,16.9,High,60.0,54.45,High Priority
Lane D,590,29,0.2087,0.034,14.5,High,60.0,54.45,High Priority
Lane D,595,30,0.2159,0.033,19.0,High,60.0,56.31,High Priority
Lane D,600,30,0.2159,0.033,15.1,High,60.0,56.31,High Priority
Lane D,605,30,0.2159,0.067,15.6,High,60.0,56.51,High Priority
Lane D,610,32,0.2303,0.031,15.4,High,60.0,60.04,High Priority
Lane D,615,32,0.2303,0.0,15.2,High,60.0,59.86,High Priority
Lane D,620,32,0.2303,0.031,18.2,High,60.0,60.04,High Priority
Lane D,625,32,0.2303,0.031,15.8,High,60.0,60.04,High Priority
Lane D,630,31,0.2231,0.032,16.8,High,60.0,58.17,High Priority
Lane D,635,31,0.2231,0.032,14.6,High,60.0,58.17,High Priority
Lane D,640,31,0.2231,0.032,13.3,High,60.0,58.17,High Priority
Lane D,645,31,0.2231,0.065,16.5,High,60.0,58.37,High Priority
Lane D,650,31,0.2231,0.032,12.6,High,60.0,58.17,High Priority
Lane D,655,30,0.2159,0.067,13.7,High,60.0,56.51,High Priority
Lane D,660,30,0.2159,0.1,16.0,High,60.0,56.7,High Priority
Lane D,665,30,0.2159,0.067,13.1,High,60.0,56.51,High Priority
Lane D,670,30,0.2159,0.067,13.8,High,60.0,56.51,High Priority
Lane D,675,30,0.2159,0.1,13.1,High,60.0,56.7,High Priority
Lane D,680,30,0.2159,0.067,15.4,High,60.0,56.51,High Priority
Lane D,685,30,0.2159,0.1,12.4,High,60.0,56.7,High Priority
Lane D,690,30,0.2159,0.1,12.2,High,60.0,56.7,High Priority
Lane D,695,31,0.2231,0.097,10.4,High,60.0,58.56,High Priority
Lane D,700,32,0.2303,0.094,16.6,High,60.0,60.41,High Priority
Lane D,705,31,0.2231,0.065,13.5,High,60.0,58.37,High Priority
Lane D,710,31,0.2231,0.065,13.6,High,60.0,58.37,High Priority
Lane D,715,31,0.2231,0.097,12.5,High,60.0,58.56,High Priority
Lane D,720,31,0.2231,0.097,13.7,High,60.0,58.56,High Priority
Lane D,725,31,0.2231,0.032,12.1,High,60.0,58.17,High Priority
Lane D,730,31,0.2231,0.065,13.0,High,60.0,58.37,High Priority
Lane D,735,31,0.2231,0.065,12.5,High,60.0,58.37,High Priority
Lane D,740,31,0.2231,0.097,12.3,High,60.0,58.56,High Priority
Lane D,745,31,0.2231,0.032,12.0,High,60.0,58.17,High Priority
Lane D,750,30,0.2159,0.033,13.7,High,60.0,56.31,High Priority
Lane D,755,30,0.2159,0.067,12.8,High,60.0,56.51,High Priority
Lane D,760,30,0.2159,0.067,10.1,High,60.0,56.51,High Priority
Lane D,765,30,0.2159,0.033,13.4,High,60.0,56.31,High Priority
Lane D,770,30,0.2159,0.033,12.8,High,60.0,56.31,High Priority
Lane D,775,30,0.2159,0.067,11.2,High,60.0,56.51,High Priority
Lane D,780,30,0.2159,0.1,11.9,High,60.0,56.7,High Priority
Lane D,785,31,0.2231,0.032,12.8,High,60.0,58.17,High Priority
Lane D,790,31,0.2231,0.032,13.1,High,60.0,58.17,High Priority
Lane D,795,31,0.2231,0.065,11.8,High,60.0,58.37,High Priority
Lane D,800,32,0.2303,0.062,10.7,High,60.0,60.22,High Priority
Lane D,805,32,0.2303,0.031,14.1,High,60.0,60.04,High Priority
Lane D,810,32,0.2303,0.031,10.6,High,60.0,60.04,High Priority
Lane D,815,32,0.2303,0.031,10.1,High,60.0,60.04,High Priority
Lane D,820,33,0.2375,0.03,11.3,High,60.0,61.9,High Priority
Lane D,825,33,0.2375,0.03,12.4,High,60.0,61.9,High Priority
Lane D,830,33,0.2375,0.03,13.4,High,60.0,61.9,High Priority
Lane D,835,33,0.2375,0.03,12.4,High,60.0,61.9,High Priority
Lane D,840,33,0.2375,0.03,10.9,High,60.0,61.9,High Priority
Lane D,845,33,0.2375,0.03,11.8,High,60.0,61.9,High Priority
Lane D,850,33,0.2375,0.03,13.2,High,60.0,61.9,High Priority
Lane D,855,32,0.2303,0.031,25.8,High,60.0,60.04,High Priority
Lane D,860,31,0.2231,0.032,13.0,High,60.0,58.17,High Priority
Lane D,865,31,0.2231,0.032,12.4,High,60.0,58.17,High Priority
Lane D,870,31,0.2231,0.032,13.5,High,60.0,58.17,High Priority
Lane D,875,31,0.2231,0.032,11.7,High,60.0,58.17,High Priority
Lane D,880,31,0.2231,0.032,13.5,High,60.0,58.17,High Priority
Lane D,885,31,0.2231,0.032,12.4,High,60.0,58.17,High Priority
Lane D,890,31,0.2231,0.032,14.5,High,60.0,58.17,High Priority
Lane D,895,31,0.2231,0.032,12.1,High,60.0,58.17,High Priority
Lane D,900,31,0.2231,0.032,15.9,High,60.0,58.17,High Priority
Lane D,905,31,0.2231,0.032,13.8,High,60.0,58.17,High Priority
Lane D,910,31,0.2231,0.032,12.0,High,60.0,58.17,High Priority
Lane D,915,31,0.2231,0.032,12.1,High,60.0,58.17,High Priority
Lane D,920,31,0.2231,0.032,11.6,High,60.0,58.17,High Priority
Lane D,925,30,0.2159,0.033,12.1,High,60.0,56.31,High Priority
Lane D,930,30,0.2159,0.033,11.0,High,60.0,56.31,High Priority
Lane D,935,30,0.2159,0.033,13.6,High,60.0,56.31,High Priority
Lane D,940,30,0.2159,0.033,13.0,High,60.0,56.31,High Priority
Lane D,945,30,0.2159,0.033,16.2,High,60.0,56.31,High Priority
Lane D,950,29,0.2087,0.034,14.7,High,60.0,54.45,High Priority
Lane D,955,28,0.2015,0.036,11.3,High,60.0,52.59,High Priority
Lane D,960,28,0.2015,0.036,14.6,High,60.0,52.59,High Priority
Lane D,965,28,0.2015,0.036,14.1,High,60.0,52.59,High Priority
Lane D,970,28,0.2015,0.036,23.8,High,60.0,52.59,High Priority
Lane D,975,28,0.2015,0.036,13.8,High,60.0,52.59,High Priority
Lane D,980,28,0.2015,0.036,13.6,High,60.0,52.59,High Priority
Lane D,985,28,0.2015,0.036,13.5,High,60.0,52.59,High Priority
Lane D,990,28,0.2015,0.036,12.8,High,60.0,52.59,High Priority
Lane D,995,28,0.2015,0.036,12.5,High,60.0,52.59,High Priority
Lane D,1000,29,0.2087,0.034,12.7,High,60.0,54.45,High Priority
Lane D,1005,29,0.2087,0.034,15.4,High,60.0,54.45,High Priority
Lane D,1010,28,0.2015,0.036,12.6,High,60.0,52.59,High Priority
Lane D,1015,28,0.2015,0.036,12.9,High,60.0,52.59,High Priority
Lane D,1020,28,0.2015,0.036,14.2,High,60.0,52.59,High Priority
Lane D,1025,29,0.2087,0.034,15.4,High,60.0,54.45,High Priority
Lane D,1030,29,0.2087,0.034,13.5,High,60.0,54.45,High Priority
Lane D,1035,29,0.2087,0.034,13.8,High,60.0,54.45,High Priority
Lane D,1040,29,0.2087,0.034,12.5,High,60.0,54.45,High Priority
Lane D,1045,29,0.2087,0.034,13.4,High,60.0,54.45,High Priority
Lane D,1050,29,0.2087,0.034,13.2,High,60.0,54.45,High Priority
Lane D,1055,29,0.2087,0.034,12.1,High,60.0,54.45,High Priority
Lane D,1060,28,0.2015,0.036,15.7,High,60.0,52.59,High Priority
Lane D,1065,28,0.2015,0.036,13.3,High,60.0,52.59,High Priority
Lane D,1070,28,0.2015,0.036,14.3,High,60.0,52.59,High Priority
Lane D,1075,28,0.2015,0.036,16.2,High,60.0,52.59,High Priority
Lane D,1080,28,0.2015,0.036,14.3,High,60.0,52.59,High Priority
Lane D,1085,28,0.2015,0.036,15.6,High,60.0,52.59,High Priority
Lane D,1090,28,0.2015,0.036,15.8,High,60.0,52.59,High Priority
Lane D,1095,28,0.2015,0.036,19.3,High,60.0,52.59,High Priority
Lane D,1100,28,0.2015,0.036,15.5,High,60.0,52.59,High Priority
Lane D,1105,28,0.2015,0.036,15.6,High,60.0,52.59,High Priority
Lane D,1110,28,0.2015,0.071,14.0,High,60.0,52.79,High Priority
Lane D,1115,28,0.2015,0.071,14.2,High,60.0,52.79,High Priority
Lane D,1120,28,0.2015,0.071,13.9,High,60.0,52.79,High Priority
Lane D,1125,28,0.2015,0.071,11.0,High,60.0,52.79,High Priority
Lane D,1130,28,0.2015,0.036,15.2,High,60.0,52.59,High Priority
Lane D,1135,29,0.2087,0.034,14.3,High,60.0,54.45,High Priority
Lane D,1140,31,0.2231,0.032,14.5,High,60.0,58.17,High Priority
Lane D,1145,31,0.2231,0.032,16.0,High,60.0,58.17,High Priority
Lane D,1150,31,0.2231,0.065,14.1,High,60.0,58.37,High Priority
Lane D,1155,32,0.2303,0.031,14.6,High,60.0,60.04,High Priority
Lane D,1160,32,0.2303,0.031,18.4,High,60.0,60.04,High Priority
Lane D,1165,32,0.2303,0.062,15.3,High,60.0,60.22,High Priority
Lane D,1170,32,0.2303,0.031,17.1,High,60.0,60.04,High Priority
Lane D,1175,32,0.2303,0.031,15.4,High,60.0,60.04,High Priority
Lane D,1180,30,0.2159,0.033,14.8,High,60.0,56.31,High Priority
Lane D,1185,30,0.2159,0.067,15.3,High,60.0,56.51,High Priority
Lane D,1190,30,0.2159,0.067,18.0,High,60.0,56.51,High Priority
Lane D,1195,31,0.2231,0.065,15.5,High,60.0,58.37,High Priority
